Campo,Objeto,Filtro
j02-20170408T204701-01_prepro.fz,Feige66,rSDSS
j02-20170408T204754-01_prepro.fz,Feige66,J0378
j02-20170408T204833-01_prepro.fz,Feige66,J0395
j02-20170408T204910-01_prepro.fz,Feige66,J0410
j02-20170408T204958-01_prepro.fz,Feige66,J0430
j02-20170408T205041-01_prepro.fz,Feige66,J0515
j02-20170408T205120-01_prepro.fz,Feige66,J0660
j02-20170408T205204-01_prepro.fz,Feige66,J0861
j02-20170408T205820-01_prepro.fz,BD+381670,iSDSS
j02-20170408T205905-01_prepro.fz,BD+381670,uJAVA
j02-20170408T205948-01_prepro.fz,BD+381670,J0430
j02-20170408T210036-01_prepro.fz,BD+381670,J0861
j02-20170408T210116-01_prepro.fz,BD+381670,J0515
j02-20170408T210151-01_prepro.fz,BD+381670,J0410
j02-20170408T210239-01_prepro.fz,BD+381670,rSDSS
j02-20170408T210324-01_prepro.fz,BD+381670,J0378
j02-20170408T210418-01_prepro.fz,BD+381670,J0660
j02-20170408T210459-01_prepro.fz,BD+381670,gSDSS
j02-20170408T210543-01_prepro.fz,BD+381670,J0395
j02-20170408T210642-01_prepro.fz,BD+381670,zSDSS
j02-20170408T212725-01_prepro.fz,G180-24,iSDSS
j02-20170408T212813-01_prepro.fz,G180-24,uJAVA
j02-20170408T212922-01_prepro.fz,G180-24,J0430
j02-20170408T213018-01_prepro.fz,G180-24,J0861
j02-20170408T213101-01_prepro.fz,G180-24,J0515
j02-20170408T213141-01_prepro.fz,G180-24,J0410
j02-20170408T213239-01_prepro.fz,G180-24,rSDSS
j02-20170408T213323-01_prepro.fz,G180-24,J0378
j02-20170408T213500-01_prepro.fz,G180-24,J0660
j02-20170408T213549-01_prepro.fz,G180-24,gSDSS
j02-20170408T213633-01_prepro.fz,G180-24,J0395
j02-20170408T213752-01_prepro.fz,G180-24,zSDSS
j02-20170408T213918-01_prepro.fz,Feige34,iSDSS
j02-20170408T214005-01_prepro.fz,Feige34,uJAVA
j02-20170408T214047-01_prepro.fz,Feige34,J0430
j02-20170408T214140-01_prepro.fz,Feige34,J0861
j02-20170408T214239-01_prepro.fz,Feige34,J0515
j02-20170408T214323-01_prepro.fz,Feige34,J0410
j02-20170408T214418-01_prepro.fz,Feige34,rSDSS
j02-20170408T214504-01_prepro.fz,Feige34,J0378
j02-20170408T214610-01_prepro.fz,Feige34,J0660
j02-20170408T214722-01_prepro.fz,Feige34,gSDSS
j02-20170408T214807-01_prepro.fz,Feige34,J0395
j02-20170408T214915-01_prepro.fz,Feige34,zSDSS
j02-20170408T231827-01_prepro.fz,Feige66,rSDSS
j02-20170408T231920-01_prepro.fz,Feige66,J0378
j02-20170408T231958-01_prepro.fz,Feige66,J0395
j02-20170408T232036-01_prepro.fz,Feige66,J0410
j02-20170408T232124-01_prepro.fz,Feige66,J0430
j02-20170408T232207-01_prepro.fz,Feige66,J0515
j02-20170408T232245-01_prepro.fz,Feige66,J0660
j02-20170408T232330-01_prepro.fz,Feige66,J0861
j02-20170408T232426-01_prepro.fz,G180-24,iSDSS
j02-20170408T232512-01_prepro.fz,G180-24,uJAVA
j02-20170408T232621-01_prepro.fz,G180-24,J0430
j02-20170408T232717-01_prepro.fz,G180-24,J0861
j02-20170408T232800-01_prepro.fz,G180-24,J0515
j02-20170408T232841-01_prepro.fz,G180-24,J0410
j02-20170408T232938-01_prepro.fz,G180-24,rSDSS
j02-20170408T233023-01_prepro.fz,G180-24,J0378
j02-20170408T233200-01_prepro.fz,G180-24,J0660
j02-20170408T233248-01_prepro.fz,G180-24,gSDSS
j02-20170408T233333-01_prepro.fz,G180-24,J0395
j02-20170408T233451-01_prepro.fz,G180-24,zSDSS
j02-20170408T234304-01_prepro.fz,USSsJ2570,rSDSS
j02-20170408T234357-01_prepro.fz,USSsJ2570,uJAVA
j02-20170408T234426-01_prepro.fz,USSsJ2570,uJAVA
j02-20170408T234456-01_prepro.fz,USSsJ2570,uJAVA
j02-20170408T234539-01_prepro.fz,USSsJ2570,J0378
j02-20170408T234611-01_prepro.fz,USSsJ2570,J0378
j02-20170408T234641-01_prepro.fz,USSsJ2570,J0378
j02-20170408T234724-01_prepro.fz,USSsJ2570,J0395
j02-20170408T234752-01_prepro.fz,USSsJ2570,J0395
j02-20170408T234821-01_prepro.fz,USSsJ2570,J0395
j02-20170408T234905-01_prepro.fz,USSsJ2570,J0410
j02-20170408T234935-01_prepro.fz,USSsJ2570,J0410
j02-20170408T235004-01_prepro.fz,USSsJ2570,J0410
j02-20170408T235057-01_prepro.fz,USSsJ2570,J0430
j02-20170408T235125-01_prepro.fz,USSsJ2570,J0430
j02-20170408T235155-01_prepro.fz,USSsJ2570,J0430
j02-20170408T235238-01_prepro.fz,USSsJ2570,gSDSS
j02-20170408T235306-01_prepro.fz,USSsJ2570,gSDSS
j02-20170408T235335-01_prepro.fz,USSsJ2570,gSDSS
j02-20170408T235424-01_prepro.fz,USSsJ2570,J0515
j02-20170408T235453-01_prepro.fz,USSsJ2570,J0515
j02-20170408T235523-01_prepro.fz,USSsJ2570,J0515
j02-20170408T235618-01_prepro.fz,USSsJ2570,rSDSS
j02-20170408T235646-01_prepro.fz,USSsJ2570,rSDSS
j02-20170408T235715-01_prepro.fz,USSsJ2570,rSDSS
j02-20170408T235809-01_prepro.fz,USSsJ2570,J0660
j02-20170408T235839-01_prepro.fz,USSsJ2570,J0660
j02-20170408T235909-01_prepro.fz,USSsJ2570,J0660
j02-20170409T000003-01_prepro.fz,USSsJ2570,iSDSS
j02-20170409T000032-01_prepro.fz,USSsJ2570,iSDSS
j02-20170409T000102-01_prepro.fz,USSsJ2570,iSDSS
j02-20170409T000147-01_prepro.fz,USSsJ2570,J0861
j02-20170409T000215-01_prepro.fz,USSsJ2570,J0861
j02-20170409T000244-01_prepro.fz,USSsJ2570,J0861
j02-20170409T000328-01_prepro.fz,USSsJ2570,zSDSS
j02-20170409T000356-01_prepro.fz,USSsJ2570,zSDSS
j02-20170409T000426-01_prepro.fz,USSsJ2570,zSDSS
j02-20170409T000537-01_prepro.fz,Feige34,iSDSS
j02-20170409T000624-01_prepro.fz,Feige34,uJAVA
j02-20170409T000706-01_prepro.fz,Feige34,J0430
j02-20170409T000758-01_prepro.fz,Feige34,J0861
j02-20170409T000858-01_prepro.fz,Feige34,J0515
j02-20170409T000942-01_prepro.fz,Feige34,J0410
j02-20170409T001036-01_prepro.fz,Feige34,rSDSS
j02-20170409T001123-01_prepro.fz,Feige34,J0378
j02-20170409T001229-01_prepro.fz,Feige34,J0660
j02-20170409T001341-01_prepro.fz,Feige34,gSDSS
j02-20170409T001425-01_prepro.fz,Feige34,J0395
j02-20170409T001534-01_prepro.fz,Feige34,zSDSS
j02-20170409T002439-01_prepro.fz,USSsG180s24,rSDSS
j02-20170409T002531-01_prepro.fz,USSsG180s24,uJAVA
j02-20170409T002601-01_prepro.fz,USSsG180s24,uJAVA
j02-20170409T002630-01_prepro.fz,USSsG180s24,uJAVA
j02-20170409T002713-01_prepro.fz,USSsG180s24,J0378
j02-20170409T002742-01_prepro.fz,USSsG180s24,J0378
j02-20170409T002812-01_prepro.fz,USSsG180s24,J0378
j02-20170409T002855-01_prepro.fz,USSsG180s24,J0395
j02-20170409T002923-01_prepro.fz,USSsG180s24,J0395
j02-20170409T002953-01_prepro.fz,USSsG180s24,J0395
j02-20170409T003035-01_prepro.fz,USSsG180s24,J0410
j02-20170409T003105-01_prepro.fz,USSsG180s24,J0410
j02-20170409T003134-01_prepro.fz,USSsG180s24,J0410
j02-20170409T003227-01_prepro.fz,USSsG180s24,J0430
j02-20170409T003255-01_prepro.fz,USSsG180s24,J0430
j02-20170409T003324-01_prepro.fz,USSsG180s24,J0430
j02-20170409T003408-01_prepro.fz,USSsG180s24,gSDSS
j02-20170409T003436-01_prepro.fz,USSsG180s24,gSDSS
j02-20170409T003505-01_prepro.fz,USSsG180s24,gSDSS
j02-20170409T003554-01_prepro.fz,USSsG180s24,J0515
j02-20170409T003622-01_prepro.fz,USSsG180s24,J0515
j02-20170409T003651-01_prepro.fz,USSsG180s24,J0515
j02-20170409T003745-01_prepro.fz,USSsG180s24,rSDSS
j02-20170409T003814-01_prepro.fz,USSsG180s24,rSDSS
j02-20170409T003843-01_prepro.fz,USSsG180s24,rSDSS
j02-20170409T003937-01_prepro.fz,USSsG180s24,J0660
j02-20170409T004005-01_prepro.fz,USSsG180s24,J0660
j02-20170409T004034-01_prepro.fz,USSsG180s24,J0660
j02-20170409T004129-01_prepro.fz,USSsG180s24,iSDSS
j02-20170409T004158-01_prepro.fz,USSsG180s24,iSDSS
j02-20170409T004228-01_prepro.fz,USSsG180s24,iSDSS
j02-20170409T004313-01_prepro.fz,USSsG180s24,J0861
j02-20170409T004342-01_prepro.fz,USSsG180s24,J0861
j02-20170409T004413-01_prepro.fz,USSsG180s24,J0861
j02-20170409T004458-01_prepro.fz,USSsG180s24,zSDSS
j02-20170409T004527-01_prepro.fz,USSsG180s24,zSDSS
j02-20170409T004557-01_prepro.fz,USSsG180s24,zSDSS
j02-20170409T004647-01_prepro.fz,G180-24,iSDSS
j02-20170409T004733-01_prepro.fz,G180-24,uJAVA
j02-20170409T004842-01_prepro.fz,G180-24,J0430
j02-20170409T004938-01_prepro.fz,G180-24,J0861
j02-20170409T005020-01_prepro.fz,G180-24,J0515
j02-20170409T005100-01_prepro.fz,G180-24,J0410
j02-20170409T005158-01_prepro.fz,G180-24,rSDSS
j02-20170409T005243-01_prepro.fz,G180-24,J0378
j02-20170409T005420-01_prepro.fz,G180-24,J0660
j02-20170409T005508-01_prepro.fz,G180-24,gSDSS
j02-20170409T005552-01_prepro.fz,G180-24,J0395
j02-20170409T005711-01_prepro.fz,G180-24,zSDSS
j02-20170409T005818-01_prepro.fz,Feige66,J0378
j02-20170409T005856-01_prepro.fz,Feige66,J0395
j02-20170409T005934-01_prepro.fz,Feige66,J0410
j02-20170409T010022-01_prepro.fz,Feige66,J0430
j02-20170409T010103-01_prepro.fz,Feige66,J0515
j02-20170409T010142-01_prepro.fz,Feige66,J0660
j02-20170409T010227-01_prepro.fz,Feige66,J0861
j02-20170409T010324-01_prepro.fz,Feige34,iSDSS
j02-20170409T010411-01_prepro.fz,Feige34,uJAVA
j02-20170409T010453-01_prepro.fz,Feige34,J0430
j02-20170409T010546-01_prepro.fz,Feige34,J0861
j02-20170409T010646-01_prepro.fz,Feige34,J0515
j02-20170409T010729-01_prepro.fz,Feige34,J0410
j02-20170409T010824-01_prepro.fz,Feige34,rSDSS
j02-20170409T010910-01_prepro.fz,Feige34,J0378
j02-20170409T011016-01_prepro.fz,Feige34,J0660
j02-20170409T011128-01_prepro.fz,Feige34,gSDSS
j02-20170409T011213-01_prepro.fz,Feige34,J0395
j02-20170409T011321-01_prepro.fz,Feige34,zSDSS
j02-20170409T023949-01_prepro.fz,USSsG180s24,rSDSS
j02-20170409T024042-01_prepro.fz,USSsG180s24,uJAVA
j02-20170409T024111-01_prepro.fz,USSsG180s24,uJAVA
j02-20170409T024143-01_prepro.fz,USSsG180s24,uJAVA
j02-20170409T024226-01_prepro.fz,USSsG180s24,J0378
j02-20170409T024254-01_prepro.fz,USSsG180s24,J0378
j02-20170409T024325-01_prepro.fz,USSsG180s24,J0378
j02-20170409T024408-01_prepro.fz,USSsG180s24,J0395
j02-20170409T024437-01_prepro.fz,USSsG180s24,J0395
j02-20170409T024507-01_prepro.fz,USSsG180s24,J0395
j02-20170409T024550-01_prepro.fz,USSsG180s24,J0410
j02-20170409T024618-01_prepro.fz,USSsG180s24,J0410
j02-20170409T024647-01_prepro.fz,USSsG180s24,J0410
j02-20170409T024740-01_prepro.fz,USSsG180s24,J0430
j02-20170409T024810-01_prepro.fz,USSsG180s24,J0430
j02-20170409T024839-01_prepro.fz,USSsG180s24,J0430
j02-20170409T024922-01_prepro.fz,USSsG180s24,gSDSS
j02-20170409T024952-01_prepro.fz,USSsG180s24,gSDSS
j02-20170409T025022-01_prepro.fz,USSsG180s24,gSDSS
j02-20170409T025111-01_prepro.fz,USSsG180s24,J0515
j02-20170409T025139-01_prepro.fz,USSsG180s24,J0515
j02-20170409T025208-01_prepro.fz,USSsG180s24,J0515
j02-20170409T025302-01_prepro.fz,USSsG180s24,rSDSS
j02-20170409T025333-01_prepro.fz,USSsG180s24,rSDSS
j02-20170409T025404-01_prepro.fz,USSsG180s24,rSDSS
j02-20170409T025458-01_prepro.fz,USSsG180s24,J0660
j02-20170409T025529-01_prepro.fz,USSsG180s24,J0660
j02-20170409T025559-01_prepro.fz,USSsG180s24,J0660
j02-20170409T025654-01_prepro.fz,USSsG180s24,iSDSS
j02-20170409T025722-01_prepro.fz,USSsG180s24,iSDSS
j02-20170409T025754-01_prepro.fz,USSsG180s24,iSDSS
j02-20170409T025839-01_prepro.fz,USSsG180s24,J0861
j02-20170409T025907-01_prepro.fz,USSsG180s24,J0861
j02-20170409T025936-01_prepro.fz,USSsG180s24,J0861
j02-20170409T030020-01_prepro.fz,USSsG180s24,zSDSS
j02-20170409T030050-01_prepro.fz,USSsG180s24,zSDSS
j02-20170409T030122-01_prepro.fz,USSsG180s24,zSDSS
j02-20170409T030241-01_prepro.fz,Feige66,J0378
j02-20170409T030319-01_prepro.fz,Feige66,J0395
j02-20170409T030358-01_prepro.fz,Feige66,J0410
j02-20170409T030445-01_prepro.fz,Feige66,J0430
j02-20170409T030528-01_prepro.fz,Feige66,J0515
j02-20170409T030607-01_prepro.fz,Feige66,J0660
j02-20170409T030652-01_prepro.fz,Feige66,J0861
j02-20170409T030740-01_prepro.fz,Feige34,iSDSS
j02-20170409T030827-01_prepro.fz,Feige34,uJAVA
j02-20170409T030911-01_prepro.fz,Feige34,J0430
j02-20170409T031003-01_prepro.fz,Feige34,J0861
j02-20170409T031103-01_prepro.fz,Feige34,J0515
j02-20170409T031147-01_prepro.fz,Feige34,J0410
j02-20170409T031241-01_prepro.fz,Feige34,rSDSS
j02-20170409T031328-01_prepro.fz,Feige34,J0378
j02-20170409T031434-01_prepro.fz,Feige34,J0660
j02-20170409T031545-01_prepro.fz,Feige34,gSDSS
j02-20170409T031630-01_prepro.fz,Feige34,J0395
j02-20170409T031738-01_prepro.fz,Feige34,zSDSS
j02-20170409T032452-01_prepro.fz,USSsJ2570,rSDSS
j02-20170409T032545-01_prepro.fz,USSsJ2570,uJAVA
j02-20170409T032614-01_prepro.fz,USSsJ2570,uJAVA
j02-20170409T032644-01_prepro.fz,USSsJ2570,uJAVA
j02-20170409T032727-01_prepro.fz,USSsJ2570,J0378
j02-20170409T032758-01_prepro.fz,USSsJ2570,J0378
j02-20170409T032827-01_prepro.fz,USSsJ2570,J0378
j02-20170409T032910-01_prepro.fz,USSsJ2570,J0395
j02-20170409T032938-01_prepro.fz,USSsJ2570,J0395
j02-20170409T033009-01_prepro.fz,USSsJ2570,J0395
j02-20170409T033052-01_prepro.fz,USSsJ2570,J0410
j02-20170409T033120-01_prepro.fz,USSsJ2570,J0410
j02-20170409T033149-01_prepro.fz,USSsJ2570,J0410
j02-20170409T033242-01_prepro.fz,USSsJ2570,J0430
j02-20170409T033310-01_prepro.fz,USSsJ2570,J0430
j02-20170409T033339-01_prepro.fz,USSsJ2570,J0430
j02-20170409T033423-01_prepro.fz,USSsJ2570,gSDSS
j02-20170409T033451-01_prepro.fz,USSsJ2570,gSDSS
j02-20170409T033520-01_prepro.fz,USSsJ2570,gSDSS
j02-20170409T033609-01_prepro.fz,USSsJ2570,J0515
j02-20170409T033638-01_prepro.fz,USSsJ2570,J0515
j02-20170409T033708-01_prepro.fz,USSsJ2570,J0515
j02-20170409T033803-01_prepro.fz,USSsJ2570,rSDSS
j02-20170409T033831-01_prepro.fz,USSsJ2570,rSDSS
j02-20170409T033900-01_prepro.fz,USSsJ2570,rSDSS
j02-20170409T033954-01_prepro.fz,USSsJ2570,J0660
j02-20170409T034023-01_prepro.fz,USSsJ2570,J0660
j02-20170409T034052-01_prepro.fz,USSsJ2570,J0660
j02-20170409T034147-01_prepro.fz,USSsJ2570,iSDSS
j02-20170409T034216-01_prepro.fz,USSsJ2570,iSDSS
j02-20170409T034247-01_prepro.fz,USSsJ2570,iSDSS
j02-20170409T034331-01_prepro.fz,USSsJ2570,J0861
j02-20170409T034402-01_prepro.fz,USSsJ2570,J0861
j02-20170409T034431-01_prepro.fz,USSsJ2570,J0861
j02-20170409T034515-01_prepro.fz,USSsJ2570,zSDSS
j02-20170409T034544-01_prepro.fz,USSsJ2570,zSDSS
j02-20170409T034614-01_prepro.fz,USSsJ2570,zSDSS
j02-20170409T041138-01_prepro.fz,G180-24,iSDSS
j02-20170409T041224-01_prepro.fz,G180-24,uJAVA
j02-20170409T041332-01_prepro.fz,G180-24,J0430
j02-20170409T041428-01_prepro.fz,G180-24,J0861
j02-20170409T041511-01_prepro.fz,G180-24,J0515
j02-20170409T041551-01_prepro.fz,G180-24,J0410
j02-20170409T041648-01_prepro.fz,G180-24,rSDSS
j02-20170409T041732-01_prepro.fz,G180-24,J0378
j02-20170409T041909-01_prepro.fz,G180-24,J0660
j02-20170409T041956-01_prepro.fz,G180-24,gSDSS
j02-20170409T042040-01_prepro.fz,G180-24,J0395
j02-20170409T042158-01_prepro.fz,G180-24,zSDSS
j02-20170409T194224-01_prepro.fz,Feige66,rSDSS
j02-20170409T194317-01_prepro.fz,Feige66,J0378
j02-20170409T194356-01_prepro.fz,Feige66,J0395
j02-20170409T194434-01_prepro.fz,Feige66,J0410
j02-20170409T194522-01_prepro.fz,Feige66,J0430
j02-20170409T194605-01_prepro.fz,Feige66,J0515
j02-20170409T194644-01_prepro.fz,Feige66,J0660
j02-20170409T194729-01_prepro.fz,Feige66,J0861
j02-20170409T194810-01_prepro.fz,Feige34,iSDSS
j02-20170409T194857-01_prepro.fz,Feige34,uJAVA
j02-20170409T194939-01_prepro.fz,Feige34,J0430
j02-20170409T195032-01_prepro.fz,Feige34,J0861
j02-20170409T195131-01_prepro.fz,Feige34,J0515
j02-20170409T195215-01_prepro.fz,Feige34,J0410
j02-20170409T195310-01_prepro.fz,Feige34,rSDSS
j02-20170409T195355-01_prepro.fz,Feige34,J0378
j02-20170409T195501-01_prepro.fz,Feige34,J0660
j02-20170409T195613-01_prepro.fz,Feige34,gSDSS
j02-20170409T195658-01_prepro.fz,Feige34,J0395
j02-20170409T195806-01_prepro.fz,Feige34,zSDSS
j02-20170409T201454-01_prepro.fz,HD080607,rSDSS
j02-20170409T201548-01_prepro.fz,HD080607,uJAVA
j02-20170409T201616-01_prepro.fz,HD080607,uJAVA
j02-20170409T201646-01_prepro.fz,HD080607,uJAVA
j02-20170409T201729-01_prepro.fz,HD080607,J0378
j02-20170409T201759-01_prepro.fz,HD080607,J0378
j02-20170409T201829-01_prepro.fz,HD080607,J0378
j02-20170409T201912-01_prepro.fz,HD080607,J0395
j02-20170409T201942-01_prepro.fz,HD080607,J0395
j02-20170409T202011-01_prepro.fz,HD080607,J0395
j02-20170409T202054-01_prepro.fz,HD080607,J0410
j02-20170409T202124-01_prepro.fz,HD080607,J0410
j02-20170409T202154-01_prepro.fz,HD080607,J0410
j02-20170409T202246-01_prepro.fz,HD080607,J0430
j02-20170409T202315-01_prepro.fz,HD080607,J0430
j02-20170409T202345-01_prepro.fz,HD080607,J0430
j02-20170409T202428-01_prepro.fz,HD080607,gSDSS
j02-20170409T202456-01_prepro.fz,HD080607,gSDSS
j02-20170409T202526-01_prepro.fz,HD080607,gSDSS
j02-20170409T202615-01_prepro.fz,HD080607,J0515
j02-20170409T202646-01_prepro.fz,HD080607,J0515
j02-20170409T202716-01_prepro.fz,HD080607,J0515
j02-20170409T202810-01_prepro.fz,HD080607,rSDSS
j02-20170409T202840-01_prepro.fz,HD080607,rSDSS
j02-20170409T202910-01_prepro.fz,HD080607,rSDSS
j02-20170409T203005-01_prepro.fz,HD080607,J0660
j02-20170409T203035-01_prepro.fz,HD080607,J0660
j02-20170409T203104-01_prepro.fz,HD080607,J0660
j02-20170409T203159-01_prepro.fz,HD080607,iSDSS
j02-20170409T203229-01_prepro.fz,HD080607,iSDSS
j02-20170409T203301-01_prepro.fz,HD080607,iSDSS
j02-20170409T203345-01_prepro.fz,HD080607,J0861
j02-20170409T203415-01_prepro.fz,HD080607,J0861
j02-20170409T203445-01_prepro.fz,HD080607,J0861
j02-20170409T203529-01_prepro.fz,HD080607,zSDSS
j02-20170409T203558-01_prepro.fz,HD080607,zSDSS
j02-20170409T203627-01_prepro.fz,HD080607,zSDSS
j02-20170409T204424-01_prepro.fz,Feige66,J0378
j02-20170409T204503-01_prepro.fz,Feige66,J0395
j02-20170409T204541-01_prepro.fz,Feige66,J0410
j02-20170409T204629-01_prepro.fz,Feige66,J0430
j02-20170409T204711-01_prepro.fz,Feige66,J0515
j02-20170409T204750-01_prepro.fz,Feige66,J0660
j02-20170409T204836-01_prepro.fz,Feige66,J0861
j02-20170409T205700-01_prepro.fz,Feige34,iSDSS
j02-20170409T205747-01_prepro.fz,Feige34,uJAVA
j02-20170409T205829-01_prepro.fz,Feige34,J0430
j02-20170409T205922-01_prepro.fz,Feige34,J0861
j02-20170409T210022-01_prepro.fz,Feige34,J0515
j02-20170409T210105-01_prepro.fz,Feige34,J0410
j02-20170409T210200-01_prepro.fz,Feige34,rSDSS
j02-20170409T210247-01_prepro.fz,Feige34,J0378
j02-20170409T210353-01_prepro.fz,Feige34,J0660
j02-20170409T210504-01_prepro.fz,Feige34,gSDSS
j02-20170409T210549-01_prepro.fz,Feige34,J0395
j02-20170409T210657-01_prepro.fz,Feige34,zSDSS
j02-20170409T212603-01_prepro.fz,HD095735,rSDSS
j02-20170409T212656-01_prepro.fz,HD095735,uJAVA
j02-20170409T212727-01_prepro.fz,HD095735,uJAVA
j02-20170409T212759-01_prepro.fz,HD095735,uJAVA
j02-20170409T212842-01_prepro.fz,HD095735,J0378
j02-20170409T212914-01_prepro.fz,HD095735,J0378
j02-20170409T212944-01_prepro.fz,HD095735,J0378
j02-20170409T213029-01_prepro.fz,HD095735,J0395
j02-20170409T213057-01_prepro.fz,HD095735,J0395
j02-20170409T213128-01_prepro.fz,HD095735,J0395
j02-20170409T213211-01_prepro.fz,HD095735,J0410
j02-20170409T213241-01_prepro.fz,HD095735,J0410
j02-20170409T213310-01_prepro.fz,HD095735,J0410
j02-20170409T213403-01_prepro.fz,HD095735,J0430
j02-20170409T213432-01_prepro.fz,HD095735,J0430
j02-20170409T213502-01_prepro.fz,HD095735,J0430
j02-20170409T213545-01_prepro.fz,HD095735,gSDSS
j02-20170409T213615-01_prepro.fz,HD095735,gSDSS
j02-20170409T213645-01_prepro.fz,HD095735,gSDSS
j02-20170409T213734-01_prepro.fz,HD095735,J0515
j02-20170409T213804-01_prepro.fz,HD095735,J0515
j02-20170409T213835-01_prepro.fz,HD095735,J0515
j02-20170409T213930-01_prepro.fz,HD095735,rSDSS
j02-20170409T214000-01_prepro.fz,HD095735,rSDSS
j02-20170409T214030-01_prepro.fz,HD095735,rSDSS
j02-20170409T214124-01_prepro.fz,HD095735,J0660
j02-20170409T214153-01_prepro.fz,HD095735,J0660
j02-20170409T214223-01_prepro.fz,HD095735,J0660
j02-20170409T214317-01_prepro.fz,HD095735,iSDSS
j02-20170409T214349-01_prepro.fz,HD095735,iSDSS
j02-20170409T214418-01_prepro.fz,HD095735,iSDSS
j02-20170409T214503-01_prepro.fz,HD095735,J0861
j02-20170409T214532-01_prepro.fz,HD095735,J0861
j02-20170409T214602-01_prepro.fz,HD095735,J0861
j02-20170409T214646-01_prepro.fz,HD095735,zSDSS
j02-20170409T214716-01_prepro.fz,HD095735,zSDSS
j02-20170409T214750-01_prepro.fz,HD095735,zSDSS
j02-20170409T214848-01_prepro.fz,G180-24,iSDSS
j02-20170409T214934-01_prepro.fz,G180-24,uJAVA
j02-20170409T215044-01_prepro.fz,G180-24,J0430
j02-20170409T215140-01_prepro.fz,G180-24,J0861
j02-20170409T215222-01_prepro.fz,G180-24,J0515
j02-20170409T215303-01_prepro.fz,G180-24,J0410
j02-20170409T215400-01_prepro.fz,G180-24,rSDSS
j02-20170409T215445-01_prepro.fz,G180-24,J0378
j02-20170409T215622-01_prepro.fz,G180-24,J0660
j02-20170409T215711-01_prepro.fz,G180-24,gSDSS
j02-20170409T215755-01_prepro.fz,G180-24,J0395
j02-20170409T215914-01_prepro.fz,G180-24,zSDSS
j02-20170409T220002-01_prepro.fz,Feige66,J0378
j02-20170409T220041-01_prepro.fz,Feige66,J0395
j02-20170409T220119-01_prepro.fz,Feige66,J0410
j02-20170409T220207-01_prepro.fz,Feige66,J0430
j02-20170409T220250-01_prepro.fz,Feige66,J0515
j02-20170409T220329-01_prepro.fz,Feige66,J0660
j02-20170409T220414-01_prepro.fz,Feige66,J0861
j02-20170409T220454-01_prepro.fz,Feige34,iSDSS
j02-20170409T220541-01_prepro.fz,Feige34,uJAVA
j02-20170409T220624-01_prepro.fz,Feige34,J0430
j02-20170409T220716-01_prepro.fz,Feige34,J0861
j02-20170409T220816-01_prepro.fz,Feige34,J0515
j02-20170409T220900-01_prepro.fz,Feige34,J0410
j02-20170409T220954-01_prepro.fz,Feige34,rSDSS
j02-20170409T221040-01_prepro.fz,Feige34,J0378
j02-20170409T221146-01_prepro.fz,Feige34,J0660
j02-20170409T221257-01_prepro.fz,Feige34,gSDSS
j02-20170409T221342-01_prepro.fz,Feige34,J0395
j02-20170409T221451-01_prepro.fz,Feige34,zSDSS
j02-20170409T222605-01_prepro.fz,HD095735off,rSDSS
j02-20170409T222658-01_prepro.fz,HD095735off,uJAVA
j02-20170409T222727-01_prepro.fz,HD095735off,uJAVA
j02-20170409T222756-01_prepro.fz,HD095735off,uJAVA
j02-20170409T222841-01_prepro.fz,HD095735off,J0378
j02-20170409T222910-01_prepro.fz,HD095735off,J0378
j02-20170409T222941-01_prepro.fz,HD095735off,J0378
j02-20170409T223025-01_prepro.fz,HD095735off,J0395
j02-20170409T223053-01_prepro.fz,HD095735off,J0395
j02-20170409T223122-01_prepro.fz,HD095735off,J0395
j02-20170409T223205-01_prepro.fz,HD095735off,J0410
j02-20170409T223233-01_prepro.fz,HD095735off,J0410
j02-20170409T223302-01_prepro.fz,HD095735off,J0410
j02-20170409T223355-01_prepro.fz,HD095735off,J0430
j02-20170409T223427-01_prepro.fz,HD095735off,J0430
j02-20170409T223459-01_prepro.fz,HD095735off,J0430
j02-20170409T223542-01_prepro.fz,HD095735off,gSDSS
j02-20170409T223610-01_prepro.fz,HD095735off,gSDSS
j02-20170409T223640-01_prepro.fz,HD095735off,gSDSS
j02-20170409T223729-01_prepro.fz,HD095735off,J0515
j02-20170409T223759-01_prepro.fz,HD095735off,J0515
j02-20170409T223829-01_prepro.fz,HD095735off,J0515
j02-20170409T223923-01_prepro.fz,HD095735off,rSDSS
j02-20170409T223952-01_prepro.fz,HD095735off,rSDSS
j02-20170409T224021-01_prepro.fz,HD095735off,rSDSS
j02-20170409T224115-01_prepro.fz,HD095735off,J0660
j02-20170409T224145-01_prepro.fz,HD095735off,J0660
j02-20170409T224216-01_prepro.fz,HD095735off,J0660
j02-20170409T224310-01_prepro.fz,HD095735off,iSDSS
j02-20170409T224340-01_prepro.fz,HD095735off,iSDSS
j02-20170409T224409-01_prepro.fz,HD095735off,iSDSS
j02-20170409T224454-01_prepro.fz,HD095735off,J0861
j02-20170409T224523-01_prepro.fz,HD095735off,J0861
j02-20170409T224553-01_prepro.fz,HD095735off,J0861
j02-20170409T224637-01_prepro.fz,HD095735off,zSDSS
j02-20170409T224705-01_prepro.fz,HD095735off,zSDSS
j02-20170409T224736-01_prepro.fz,HD095735off,zSDSS
j02-20170409T224828-01_prepro.fz,Feige66,J0378
j02-20170409T224906-01_prepro.fz,Feige66,J0395
j02-20170409T224944-01_prepro.fz,Feige66,J0410
j02-20170409T225033-01_prepro.fz,Feige66,J0430
j02-20170409T225115-01_prepro.fz,Feige66,J0515
j02-20170409T225153-01_prepro.fz,Feige66,J0660
j02-20170409T225238-01_prepro.fz,Feige66,J0861
j02-20170409T225332-01_prepro.fz,G180-24,iSDSS
j02-20170409T225418-01_prepro.fz,G180-24,uJAVA
j02-20170409T225527-01_prepro.fz,G180-24,J0430
j02-20170409T225623-01_prepro.fz,G180-24,J0861
j02-20170409T225706-01_prepro.fz,G180-24,J0515
j02-20170409T225747-01_prepro.fz,G180-24,J0410
j02-20170409T225844-01_prepro.fz,G180-24,rSDSS
j02-20170409T225929-01_prepro.fz,G180-24,J0378
j02-20170409T230106-01_prepro.fz,G180-24,J0660
j02-20170409T230154-01_prepro.fz,G180-24,gSDSS
j02-20170409T230239-01_prepro.fz,G180-24,J0395
j02-20170409T230357-01_prepro.fz,G180-24,zSDSS
j02-20170409T230516-01_prepro.fz,Feige34,iSDSS
j02-20170409T230605-01_prepro.fz,Feige34,uJAVA
j02-20170409T230647-01_prepro.fz,Feige34,J0430
j02-20170409T230740-01_prepro.fz,Feige34,J0861
j02-20170409T230839-01_prepro.fz,Feige34,J0515
j02-20170409T230923-01_prepro.fz,Feige34,J0410
j02-20170409T231018-01_prepro.fz,Feige34,rSDSS
j02-20170409T231104-01_prepro.fz,Feige34,J0378
j02-20170409T231209-01_prepro.fz,Feige34,J0660
j02-20170409T231321-01_prepro.fz,Feige34,gSDSS
j02-20170409T231405-01_prepro.fz,Feige34,J0395
j02-20170409T231514-01_prepro.fz,Feige34,zSDSS
j02-20170410T005732-01_prepro.fz,HD080607,rSDSS
j02-20170410T005824-01_prepro.fz,HD080607,uJAVA
j02-20170410T005853-01_prepro.fz,HD080607,uJAVA
j02-20170410T005925-01_prepro.fz,HD080607,uJAVA
j02-20170410T010008-01_prepro.fz,HD080607,J0378
j02-20170410T010036-01_prepro.fz,HD080607,J0378
j02-20170410T010108-01_prepro.fz,HD080607,J0378
j02-20170410T010151-01_prepro.fz,HD080607,J0395
j02-20170410T010220-01_prepro.fz,HD080607,J0395
j02-20170410T010249-01_prepro.fz,HD080607,J0395
j02-20170410T010332-01_prepro.fz,HD080607,J0410
j02-20170410T010400-01_prepro.fz,HD080607,J0410
j02-20170410T010429-01_prepro.fz,HD080607,J0410
j02-20170410T010522-01_prepro.fz,HD080607,J0430
j02-20170410T010551-01_prepro.fz,HD080607,J0430
j02-20170410T010620-01_prepro.fz,HD080607,J0430
j02-20170410T010703-01_prepro.fz,HD080607,gSDSS
j02-20170410T010732-01_prepro.fz,HD080607,gSDSS
j02-20170410T010802-01_prepro.fz,HD080607,gSDSS
j02-20170410T010851-01_prepro.fz,HD080607,J0515
j02-20170410T010919-01_prepro.fz,HD080607,J0515
j02-20170410T010949-01_prepro.fz,HD080607,J0515
j02-20170410T011043-01_prepro.fz,HD080607,rSDSS
j02-20170410T011112-01_prepro.fz,HD080607,rSDSS
j02-20170410T011141-01_prepro.fz,HD080607,rSDSS
j02-20170410T011236-01_prepro.fz,HD080607,J0660
j02-20170410T011304-01_prepro.fz,HD080607,J0660
j02-20170410T011335-01_prepro.fz,HD080607,J0660
j02-20170410T011429-01_prepro.fz,HD080607,iSDSS
j02-20170410T011458-01_prepro.fz,HD080607,iSDSS
j02-20170410T011528-01_prepro.fz,HD080607,iSDSS
j02-20170410T011612-01_prepro.fz,HD080607,J0861
j02-20170410T011642-01_prepro.fz,HD080607,J0861
j02-20170410T011712-01_prepro.fz,HD080607,J0861
j02-20170410T011755-01_prepro.fz,HD080607,zSDSS
j02-20170410T011824-01_prepro.fz,HD080607,zSDSS
j02-20170410T011854-01_prepro.fz,HD080607,zSDSS
j02-20170410T013304-01_prepro.fz,HD095735,rSDSS
j02-20170410T013357-01_prepro.fz,HD095735,uJAVA
j02-20170410T013426-01_prepro.fz,HD095735,uJAVA
j02-20170410T013455-01_prepro.fz,HD095735,uJAVA
j02-20170410T013538-01_prepro.fz,HD095735,J0378
j02-20170410T013607-01_prepro.fz,HD095735,J0378
j02-20170410T013637-01_prepro.fz,HD095735,J0378
j02-20170410T013720-01_prepro.fz,HD095735,J0395
j02-20170410T013749-01_prepro.fz,HD095735,J0395
j02-20170410T013818-01_prepro.fz,HD095735,J0395
j02-20170410T013900-01_prepro.fz,HD095735,J0410
j02-20170410T013929-01_prepro.fz,HD095735,J0410
j02-20170410T013958-01_prepro.fz,HD095735,J0410
j02-20170410T014051-01_prepro.fz,HD095735,J0430
j02-20170410T014119-01_prepro.fz,HD095735,J0430
j02-20170410T014149-01_prepro.fz,HD095735,J0430
j02-20170410T014232-01_prepro.fz,HD095735,gSDSS
j02-20170410T014300-01_prepro.fz,HD095735,gSDSS
j02-20170410T014330-01_prepro.fz,HD095735,gSDSS
j02-20170410T014419-01_prepro.fz,HD095735,J0515
j02-20170410T014448-01_prepro.fz,HD095735,J0515
j02-20170410T014517-01_prepro.fz,HD095735,J0515
j02-20170410T014611-01_prepro.fz,HD095735,rSDSS
j02-20170410T014640-01_prepro.fz,HD095735,rSDSS
j02-20170410T014709-01_prepro.fz,HD095735,rSDSS
j02-20170410T014804-01_prepro.fz,HD095735,J0660
j02-20170410T014832-01_prepro.fz,HD095735,J0660
j02-20170410T014902-01_prepro.fz,HD095735,J0660
j02-20170410T014957-01_prepro.fz,HD095735,iSDSS
j02-20170410T015026-01_prepro.fz,HD095735,iSDSS
j02-20170410T015056-01_prepro.fz,HD095735,iSDSS
j02-20170410T015140-01_prepro.fz,HD095735,J0861
j02-20170410T015208-01_prepro.fz,HD095735,J0861
j02-20170410T015238-01_prepro.fz,HD095735,J0861
j02-20170410T015322-01_prepro.fz,HD095735,zSDSS
j02-20170410T015352-01_prepro.fz,HD095735,zSDSS
j02-20170410T015424-01_prepro.fz,HD095735,zSDSS
j02-20170410T023227-01_prepro.fz,HD095735off,rSDSS
j02-20170410T023320-01_prepro.fz,HD095735off,uJAVA
j02-20170410T023349-01_prepro.fz,HD095735off,uJAVA
j02-20170410T023419-01_prepro.fz,HD095735off,uJAVA
j02-20170410T023502-01_prepro.fz,HD095735off,J0378
j02-20170410T023531-01_prepro.fz,HD095735off,J0378
j02-20170410T023601-01_prepro.fz,HD095735off,J0378
j02-20170410T023644-01_prepro.fz,HD095735off,J0395
j02-20170410T023712-01_prepro.fz,HD095735off,J0395
j02-20170410T023742-01_prepro.fz,HD095735off,J0395
j02-20170410T023824-01_prepro.fz,HD095735off,J0410
j02-20170410T023853-01_prepro.fz,HD095735off,J0410
j02-20170410T023922-01_prepro.fz,HD095735off,J0410
j02-20170410T024015-01_prepro.fz,HD095735off,J0430
j02-20170410T024043-01_prepro.fz,HD095735off,J0430
j02-20170410T024113-01_prepro.fz,HD095735off,J0430
j02-20170410T024156-01_prepro.fz,HD095735off,gSDSS
j02-20170410T024225-01_prepro.fz,HD095735off,gSDSS
j02-20170410T024254-01_prepro.fz,HD095735off,gSDSS
j02-20170410T024343-01_prepro.fz,HD095735off,J0515
j02-20170410T024413-01_prepro.fz,HD095735off,J0515
j02-20170410T024444-01_prepro.fz,HD095735off,J0515
j02-20170410T024538-01_prepro.fz,HD095735off,rSDSS
j02-20170410T024607-01_prepro.fz,HD095735off,rSDSS
j02-20170410T024636-01_prepro.fz,HD095735off,rSDSS
j02-20170410T024731-01_prepro.fz,HD095735off,J0660
j02-20170410T024800-01_prepro.fz,HD095735off,J0660
j02-20170410T024830-01_prepro.fz,HD095735off,J0660
j02-20170410T024924-01_prepro.fz,HD095735off,iSDSS
j02-20170410T024953-01_prepro.fz,HD095735off,iSDSS
j02-20170410T025023-01_prepro.fz,HD095735off,iSDSS
j02-20170410T025108-01_prepro.fz,HD095735off,J0861
j02-20170410T025137-01_prepro.fz,HD095735off,J0861
j02-20170410T025209-01_prepro.fz,HD095735off,J0861
j02-20170410T025253-01_prepro.fz,HD095735off,zSDSS
j02-20170410T025322-01_prepro.fz,HD095735off,zSDSS
j02-20170410T025351-01_prepro.fz,HD095735off,zSDSS
j02-20170410T042511-01_prepro.fz,Feige66,J0378
j02-20170410T042551-01_prepro.fz,Feige66,J0395
j02-20170410T042629-01_prepro.fz,Feige66,J0410
j02-20170410T042718-01_prepro.fz,Feige66,J0430
j02-20170410T042801-01_prepro.fz,Feige66,J0515
j02-20170410T042839-01_prepro.fz,Feige66,J0660
j02-20170410T042924-01_prepro.fz,Feige66,J0861
j02-20170410T203545-01_prepro.fz,HD080607,rSDSS
j02-20170410T203638-01_prepro.fz,HD080607,uJAVA
j02-20170410T203707-01_prepro.fz,HD080607,uJAVA
j02-20170410T203738-01_prepro.fz,HD080607,uJAVA
j02-20170410T203821-01_prepro.fz,HD080607,J0378
j02-20170410T203851-01_prepro.fz,HD080607,J0378
j02-20170410T203921-01_prepro.fz,HD080607,J0378
j02-20170410T204004-01_prepro.fz,HD080607,J0395
j02-20170410T204033-01_prepro.fz,HD080607,J0395
j02-20170410T204103-01_prepro.fz,HD080607,J0395
j02-20170410T204145-01_prepro.fz,HD080607,J0410
j02-20170410T204213-01_prepro.fz,HD080607,J0410
j02-20170410T204344-01_prepro.fz,HD080607,J0430
j02-20170410T204412-01_prepro.fz,HD080607,J0430
j02-20170410T204441-01_prepro.fz,HD080607,J0430
j02-20170410T204525-01_prepro.fz,HD080607,gSDSS
j02-20170410T204553-01_prepro.fz,HD080607,gSDSS
j02-20170410T204623-01_prepro.fz,HD080607,gSDSS
j02-20170410T204712-01_prepro.fz,HD080607,J0515
j02-20170410T204742-01_prepro.fz,HD080607,J0515
j02-20170410T204813-01_prepro.fz,HD080607,J0515
j02-20170410T204908-01_prepro.fz,HD080607,rSDSS
j02-20170410T204937-01_prepro.fz,HD080607,rSDSS
j02-20170410T205007-01_prepro.fz,HD080607,rSDSS
j02-20170410T205101-01_prepro.fz,HD080607,J0660
j02-20170410T205131-01_prepro.fz,HD080607,J0660
j02-20170410T205201-01_prepro.fz,HD080607,J0660
j02-20170410T205256-01_prepro.fz,HD080607,iSDSS
j02-20170410T205325-01_prepro.fz,HD080607,iSDSS
j02-20170410T205356-01_prepro.fz,HD080607,iSDSS
j02-20170410T205440-01_prepro.fz,HD080607,J0861
j02-20170410T205509-01_prepro.fz,HD080607,J0861
j02-20170410T205540-01_prepro.fz,HD080607,J0861
j02-20170410T205625-01_prepro.fz,HD080607,zSDSS
j02-20170410T205653-01_prepro.fz,HD080607,zSDSS
j02-20170410T205724-01_prepro.fz,HD080607,zSDSS
j02-20170410T205819-01_prepro.fz,Feige66,J0378
j02-20170410T205858-01_prepro.fz,Feige66,J0395
j02-20170410T205936-01_prepro.fz,Feige66,J0410
j02-20170410T210024-01_prepro.fz,Feige66,J0430
j02-20170410T210107-01_prepro.fz,Feige66,J0515
j02-20170410T210146-01_prepro.fz,Feige66,J0660
j02-20170410T210231-01_prepro.fz,Feige66,J0861
j02-20170410T210312-01_prepro.fz,Feige34,iSDSS
j02-20170410T210359-01_prepro.fz,Feige34,uJAVA
j02-20170410T210441-01_prepro.fz,Feige34,J0430
j02-20170410T210534-01_prepro.fz,Feige34,J0861
j02-20170410T210636-01_prepro.fz,Feige34,J0515
j02-20170410T210719-01_prepro.fz,Feige34,J0410
j02-20170410T210814-01_prepro.fz,Feige34,rSDSS
j02-20170410T210901-01_prepro.fz,Feige34,J0378
j02-20170410T211007-01_prepro.fz,Feige34,J0660
j02-20170410T211120-01_prepro.fz,Feige34,gSDSS
j02-20170410T211205-01_prepro.fz,Feige34,J0395
j02-20170410T211314-01_prepro.fz,Feige34,zSDSS
j02-20170410T211748-01_prepro.fz,HD095735,rSDSS
j02-20170410T211841-01_prepro.fz,HD095735,uJAVA
j02-20170410T211913-01_prepro.fz,HD095735,uJAVA
j02-20170410T211943-01_prepro.fz,HD095735,uJAVA
j02-20170410T212026-01_prepro.fz,HD095735,J0378
j02-20170410T212057-01_prepro.fz,HD095735,J0378
j02-20170410T212127-01_prepro.fz,HD095735,J0378
j02-20170410T212210-01_prepro.fz,HD095735,J0395
j02-20170410T212239-01_prepro.fz,HD095735,J0395
j02-20170410T212308-01_prepro.fz,HD095735,J0395
j02-20170410T212350-01_prepro.fz,HD095735,J0410
j02-20170410T212440-01_prepro.fz,HD095735,J0410
j02-20170410T212509-01_prepro.fz,HD095735,J0410
j02-20170410T212602-01_prepro.fz,HD095735,J0430
j02-20170410T212632-01_prepro.fz,HD095735,J0430
j02-20170410T212701-01_prepro.fz,HD095735,J0430
j02-20170410T212745-01_prepro.fz,HD095735,gSDSS
j02-20170410T212816-01_prepro.fz,HD095735,gSDSS
j02-20170410T212846-01_prepro.fz,HD095735,gSDSS
j02-20170410T212935-01_prepro.fz,HD095735,J0515
j02-20170410T213004-01_prepro.fz,HD095735,J0515
j02-20170410T213037-01_prepro.fz,HD095735,J0515
j02-20170410T213132-01_prepro.fz,HD095735,rSDSS
j02-20170410T213203-01_prepro.fz,HD095735,rSDSS
j02-20170410T213234-01_prepro.fz,HD095735,rSDSS
j02-20170410T213329-01_prepro.fz,HD095735,J0660
j02-20170410T213359-01_prepro.fz,HD095735,J0660
j02-20170410T213432-01_prepro.fz,HD095735,J0660
j02-20170410T213526-01_prepro.fz,HD095735,iSDSS
j02-20170410T213556-01_prepro.fz,HD095735,iSDSS
j02-20170410T213626-01_prepro.fz,HD095735,iSDSS
j02-20170410T213711-01_prepro.fz,HD095735,J0861
j02-20170410T213739-01_prepro.fz,HD095735,J0861
j02-20170410T213812-01_prepro.fz,HD095735,J0861
j02-20170410T213856-01_prepro.fz,HD095735,zSDSS
j02-20170410T213925-01_prepro.fz,HD095735,zSDSS
j02-20170410T213956-01_prepro.fz,HD095735,zSDSS
j02-20170410T214637-01_prepro.fz,G180-24,rSDSS
j02-20170410T214719-01_prepro.fz,G180-24,iSDSS
j02-20170410T214806-01_prepro.fz,G180-24,uJAVA
j02-20170410T214915-01_prepro.fz,G180-24,J0430
j02-20170410T215011-01_prepro.fz,G180-24,J0861
j02-20170410T215056-01_prepro.fz,G180-24,J0515
j02-20170410T215137-01_prepro.fz,G180-24,J0410
j02-20170410T215234-01_prepro.fz,G180-24,rSDSS
j02-20170410T215320-01_prepro.fz,G180-24,J0378
j02-20170410T215457-01_prepro.fz,G180-24,J0660
j02-20170410T215545-01_prepro.fz,G180-24,gSDSS
j02-20170410T215630-01_prepro.fz,G180-24,J0395
j02-20170410T215748-01_prepro.fz,G180-24,zSDSS
j02-20170410T220304-01_prepro.fz,HD095735off,rSDSS
j02-20170410T220357-01_prepro.fz,HD095735off,uJAVA
j02-20170410T220425-01_prepro.fz,HD095735off,uJAVA
j02-20170410T220501-01_prepro.fz,HD095735off,uJAVA
j02-20170410T220544-01_prepro.fz,HD095735off,J0378
j02-20170410T220614-01_prepro.fz,HD095735off,J0378
j02-20170410T220645-01_prepro.fz,HD095735off,J0378
j02-20170410T220728-01_prepro.fz,HD095735off,J0395
j02-20170410T220759-01_prepro.fz,HD095735off,J0395
j02-20170410T220828-01_prepro.fz,HD095735off,J0395
j02-20170410T220911-01_prepro.fz,HD095735off,J0410
j02-20170410T220941-01_prepro.fz,HD095735off,J0410
j02-20170410T221011-01_prepro.fz,HD095735off,J0410
j02-20170410T221104-01_prepro.fz,HD095735off,J0430
j02-20170410T221134-01_prepro.fz,HD095735off,J0430
j02-20170410T221207-01_prepro.fz,HD095735off,J0430
j02-20170410T221250-01_prepro.fz,HD095735off,gSDSS
j02-20170410T221319-01_prepro.fz,HD095735off,gSDSS
j02-20170410T221348-01_prepro.fz,HD095735off,gSDSS
j02-20170410T221438-01_prepro.fz,HD095735off,J0515
j02-20170410T221508-01_prepro.fz,HD095735off,J0515
j02-20170410T221540-01_prepro.fz,HD095735off,J0515
j02-20170410T221635-01_prepro.fz,HD095735off,rSDSS
j02-20170410T221705-01_prepro.fz,HD095735off,rSDSS
j02-20170410T221738-01_prepro.fz,HD095735off,rSDSS
j02-20170410T221833-01_prepro.fz,HD095735off,J0660
j02-20170410T221902-01_prepro.fz,HD095735off,J0660
j02-20170410T221932-01_prepro.fz,HD095735off,J0660
j02-20170410T222027-01_prepro.fz,HD095735off,iSDSS
j02-20170410T222055-01_prepro.fz,HD095735off,iSDSS
j02-20170410T222129-01_prepro.fz,HD095735off,iSDSS
j02-20170410T222213-01_prepro.fz,HD095735off,J0861
j02-20170410T222242-01_prepro.fz,HD095735off,J0861
j02-20170410T222311-01_prepro.fz,HD095735off,J0861
j02-20170410T222355-01_prepro.fz,HD095735off,zSDSS
j02-20170410T222424-01_prepro.fz,HD095735off,zSDSS
j02-20170410T222454-01_prepro.fz,HD095735off,zSDSS
j02-20170410T222558-01_prepro.fz,G180-24,iSDSS
j02-20170410T222644-01_prepro.fz,G180-24,uJAVA
j02-20170410T222753-01_prepro.fz,G180-24,J0430
j02-20170410T222849-01_prepro.fz,G180-24,J0861
j02-20170410T222932-01_prepro.fz,G180-24,J0515
j02-20170410T223013-01_prepro.fz,G180-24,J0410
j02-20170410T223111-01_prepro.fz,G180-24,rSDSS
j02-20170410T223156-01_prepro.fz,G180-24,J0378
j02-20170410T223333-01_prepro.fz,G180-24,J0660
j02-20170410T223423-01_prepro.fz,G180-24,gSDSS
j02-20170410T223507-01_prepro.fz,G180-24,J0395
j02-20170410T223626-01_prepro.fz,G180-24,zSDSS
j02-20170410T223732-01_prepro.fz,Feige34,iSDSS
j02-20170410T223819-01_prepro.fz,Feige34,uJAVA
j02-20170410T223901-01_prepro.fz,Feige34,J0430
j02-20170410T223954-01_prepro.fz,Feige34,J0861
j02-20170410T224054-01_prepro.fz,Feige34,J0515
j02-20170410T224137-01_prepro.fz,Feige34,J0410
j02-20170410T224232-01_prepro.fz,Feige34,rSDSS
j02-20170410T224319-01_prepro.fz,Feige34,J0378
j02-20170410T224425-01_prepro.fz,Feige34,J0660
j02-20170410T224537-01_prepro.fz,Feige34,gSDSS
j02-20170410T224622-01_prepro.fz,Feige34,J0395
j02-20170410T224730-01_prepro.fz,Feige34,zSDSS
j02-20170410T225235-01_prepro.fz,G180-24,rSDSS
j02-20170410T225432-01_prepro.fz,G180-24,iSDSS
j02-20170410T225519-01_prepro.fz,G180-24,uJAVA
j02-20170410T225628-01_prepro.fz,G180-24,J0430
j02-20170410T225724-01_prepro.fz,G180-24,J0861
j02-20170410T225807-01_prepro.fz,G180-24,J0515
j02-20170410T225848-01_prepro.fz,G180-24,J0410
j02-20170410T225945-01_prepro.fz,G180-24,rSDSS
j02-20170410T230031-01_prepro.fz,G180-24,J0378
j02-20170410T230208-01_prepro.fz,G180-24,J0660
j02-20170410T230256-01_prepro.fz,G180-24,gSDSS
j02-20170410T230341-01_prepro.fz,G180-24,J0395
j02-20170410T230500-01_prepro.fz,G180-24,zSDSS
j02-20170410T233100-01_prepro.fz,G180-24,iSDSS
j02-20170410T233147-01_prepro.fz,G180-24,uJAVA
j02-20170410T233256-01_prepro.fz,G180-24,J0430
j02-20170410T233352-01_prepro.fz,G180-24,J0861
j02-20170410T233435-01_prepro.fz,G180-24,J0515
j02-20170410T233516-01_prepro.fz,G180-24,J0410
j02-20170410T233613-01_prepro.fz,G180-24,rSDSS
j02-20170410T233659-01_prepro.fz,G180-24,J0378
j02-20170410T233836-01_prepro.fz,G180-24,J0660
j02-20170410T233925-01_prepro.fz,G180-24,gSDSS
j02-20170410T234009-01_prepro.fz,G180-24,J0395
j02-20170410T234128-01_prepro.fz,G180-24,zSDSS
j02-20170411T005005-01_prepro.fz,HD080607,rSDSS
j02-20170411T005058-01_prepro.fz,HD080607,uJAVA
j02-20170411T005127-01_prepro.fz,HD080607,uJAVA
j02-20170411T005158-01_prepro.fz,HD080607,uJAVA
j02-20170411T005241-01_prepro.fz,HD080607,J0378
j02-20170411T005310-01_prepro.fz,HD080607,J0378
j02-20170411T005342-01_prepro.fz,HD080607,J0378
j02-20170411T005425-01_prepro.fz,HD080607,J0395
j02-20170411T005454-01_prepro.fz,HD080607,J0395
j02-20170411T005523-01_prepro.fz,HD080607,J0395
j02-20170411T005606-01_prepro.fz,HD080607,J0410
j02-20170411T005634-01_prepro.fz,HD080607,J0410
j02-20170411T005704-01_prepro.fz,HD080607,J0410
j02-20170411T005757-01_prepro.fz,HD080607,J0430
j02-20170411T005825-01_prepro.fz,HD080607,J0430
j02-20170411T005855-01_prepro.fz,HD080607,J0430
j02-20170411T005938-01_prepro.fz,HD080607,gSDSS
j02-20170411T010007-01_prepro.fz,HD080607,gSDSS
j02-20170411T010036-01_prepro.fz,HD080607,gSDSS
j02-20170411T010126-01_prepro.fz,HD080607,J0515
j02-20170411T010154-01_prepro.fz,HD080607,J0515
j02-20170411T010224-01_prepro.fz,HD080607,J0515
j02-20170411T010319-01_prepro.fz,HD080607,rSDSS
j02-20170411T010347-01_prepro.fz,HD080607,rSDSS
j02-20170411T010417-01_prepro.fz,HD080607,rSDSS
j02-20170411T010512-01_prepro.fz,HD080607,J0660
j02-20170411T010541-01_prepro.fz,HD080607,J0660
j02-20170411T010613-01_prepro.fz,HD080607,J0660
j02-20170411T010708-01_prepro.fz,HD080607,iSDSS
j02-20170411T010736-01_prepro.fz,HD080607,iSDSS
j02-20170411T010807-01_prepro.fz,HD080607,iSDSS
j02-20170411T010851-01_prepro.fz,HD080607,J0861
j02-20170411T010921-01_prepro.fz,HD080607,J0861
j02-20170411T010952-01_prepro.fz,HD080607,J0861
j02-20170411T011036-01_prepro.fz,HD080607,zSDSS
j02-20170411T011104-01_prepro.fz,HD080607,zSDSS
j02-20170411T011134-01_prepro.fz,HD080607,zSDSS
j02-20170411T011255-01_prepro.fz,HD170737,uJAVA
j02-20170411T011340-01_prepro.fz,HD170737,J0430
j02-20170411T011427-01_prepro.fz,HD170737,J0861
j02-20170411T011507-01_prepro.fz,HD170737,J0515
j02-20170411T011542-01_prepro.fz,HD170737,J0410
j02-20170411T011623-01_prepro.fz,HD170737,J0378
j02-20170411T011722-01_prepro.fz,HD170737,J0660
j02-20170411T011806-01_prepro.fz,HD170737,J0395
j02-20170411T011934-01_prepro.fz,Feige34,iSDSS
j02-20170411T012021-01_prepro.fz,Feige34,uJAVA
j02-20170411T012103-01_prepro.fz,Feige34,J0430
j02-20170411T012156-01_prepro.fz,Feige34,J0861
j02-20170411T012256-01_prepro.fz,Feige34,J0515
j02-20170411T012340-01_prepro.fz,Feige34,J0410
j02-20170411T012435-01_prepro.fz,Feige34,rSDSS
j02-20170411T012521-01_prepro.fz,Feige34,J0378
j02-20170411T012627-01_prepro.fz,Feige34,J0660
j02-20170411T012739-01_prepro.fz,Feige34,gSDSS
j02-20170411T012824-01_prepro.fz,Feige34,J0395
j02-20170411T012932-01_prepro.fz,Feige34,zSDSS
j02-20170411T014140-01_prepro.fz,HD095735,rSDSS
j02-20170411T014233-01_prepro.fz,HD095735,uJAVA
j02-20170411T014302-01_prepro.fz,HD095735,uJAVA
j02-20170411T014331-01_prepro.fz,HD095735,uJAVA
j02-20170411T014414-01_prepro.fz,HD095735,J0378
j02-20170411T014444-01_prepro.fz,HD095735,J0378
j02-20170411T014513-01_prepro.fz,HD095735,J0378
j02-20170411T014557-01_prepro.fz,HD095735,J0395
j02-20170411T014625-01_prepro.fz,HD095735,J0395
j02-20170411T014655-01_prepro.fz,HD095735,J0395
j02-20170411T014737-01_prepro.fz,HD095735,J0410
j02-20170411T014806-01_prepro.fz,HD095735,J0410
j02-20170411T014835-01_prepro.fz,HD095735,J0410
j02-20170411T014928-01_prepro.fz,HD095735,J0430
j02-20170411T014957-01_prepro.fz,HD095735,J0430
j02-20170411T015026-01_prepro.fz,HD095735,J0430
j02-20170411T015110-01_prepro.fz,HD095735,gSDSS
j02-20170411T015138-01_prepro.fz,HD095735,gSDSS
j02-20170411T015207-01_prepro.fz,HD095735,gSDSS
j02-20170411T015257-01_prepro.fz,HD095735,J0515
j02-20170411T015326-01_prepro.fz,HD095735,J0515
j02-20170411T015355-01_prepro.fz,HD095735,J0515
j02-20170411T015451-01_prepro.fz,HD095735,rSDSS
j02-20170411T015519-01_prepro.fz,HD095735,rSDSS
j02-20170411T015549-01_prepro.fz,HD095735,rSDSS
j02-20170411T015643-01_prepro.fz,HD095735,J0660
j02-20170411T015712-01_prepro.fz,HD095735,J0660
j02-20170411T015742-01_prepro.fz,HD095735,J0660
j02-20170411T015837-01_prepro.fz,HD095735,iSDSS
j02-20170411T015906-01_prepro.fz,HD095735,iSDSS
j02-20170411T015936-01_prepro.fz,HD095735,iSDSS
j02-20170411T020020-01_prepro.fz,HD095735,J0861
j02-20170411T020049-01_prepro.fz,HD095735,J0861
j02-20170411T020119-01_prepro.fz,HD095735,J0861
j02-20170411T020203-01_prepro.fz,HD095735,zSDSS
j02-20170411T020231-01_prepro.fz,HD095735,zSDSS
j02-20170411T020302-01_prepro.fz,HD095735,zSDSS
j02-20170411T020850-01_prepro.fz,HD170737,rSDSS
j02-20170411T020943-01_prepro.fz,HD170737,uJAVA
j02-20170411T021029-01_prepro.fz,HD170737,J0430
j02-20170411T021117-01_prepro.fz,HD170737,J0861
j02-20170411T021156-01_prepro.fz,HD170737,J0515
j02-20170411T021231-01_prepro.fz,HD170737,J0410
j02-20170411T021312-01_prepro.fz,HD170737,J0378
j02-20170411T021411-01_prepro.fz,HD170737,J0660
j02-20170411T021455-01_prepro.fz,HD170737,J0395
j02-20170411T022431-01_prepro.fz,HD095735off,rSDSS
j02-20170411T022524-01_prepro.fz,HD095735off,uJAVA
j02-20170411T022552-01_prepro.fz,HD095735off,uJAVA
j02-20170411T022621-01_prepro.fz,HD095735off,uJAVA
j02-20170411T022705-01_prepro.fz,HD095735off,J0378
j02-20170411T022733-01_prepro.fz,HD095735off,J0378
j02-20170411T022804-01_prepro.fz,HD095735off,J0378
j02-20170411T022847-01_prepro.fz,HD095735off,J0395
j02-20170411T022915-01_prepro.fz,HD095735off,J0395
j02-20170411T022945-01_prepro.fz,HD095735off,J0395
j02-20170411T023027-01_prepro.fz,HD095735off,J0410
j02-20170411T023055-01_prepro.fz,HD095735off,J0410
j02-20170411T023125-01_prepro.fz,HD095735off,J0410
j02-20170411T023218-01_prepro.fz,HD095735off,J0430
j02-20170411T023247-01_prepro.fz,HD095735off,J0430
j02-20170411T023316-01_prepro.fz,HD095735off,J0430
j02-20170411T023400-01_prepro.fz,HD095735off,gSDSS
j02-20170411T023429-01_prepro.fz,HD095735off,gSDSS
j02-20170411T023458-01_prepro.fz,HD095735off,gSDSS
j02-20170411T023547-01_prepro.fz,HD095735off,J0515
j02-20170411T023616-01_prepro.fz,HD095735off,J0515
j02-20170411T023646-01_prepro.fz,HD095735off,J0515
j02-20170411T023741-01_prepro.fz,HD095735off,rSDSS
j02-20170411T023810-01_prepro.fz,HD095735off,rSDSS
j02-20170411T023839-01_prepro.fz,HD095735off,rSDSS
j02-20170411T023934-01_prepro.fz,HD095735off,J0660
j02-20170411T024036-01_prepro.fz,HD095735off,J0660
j02-20170411T024133-01_prepro.fz,HD095735off,iSDSS
j02-20170411T024203-01_prepro.fz,HD095735off,iSDSS
j02-20170411T024233-01_prepro.fz,HD095735off,iSDSS
j02-20170411T024318-01_prepro.fz,HD095735off,J0861
j02-20170411T024348-01_prepro.fz,HD095735off,J0861
j02-20170411T024418-01_prepro.fz,HD095735off,J0861
j02-20170411T024503-01_prepro.fz,HD095735off,zSDSS
j02-20170411T024532-01_prepro.fz,HD095735off,zSDSS
j02-20170411T024603-01_prepro.fz,HD095735off,zSDSS
j02-20170411T024653-01_prepro.fz,Feige34,iSDSS
j02-20170411T024740-01_prepro.fz,Feige34,uJAVA
j02-20170411T024822-01_prepro.fz,Feige34,J0430
j02-20170411T024915-01_prepro.fz,Feige34,J0861
j02-20170411T025015-01_prepro.fz,Feige34,J0515
j02-20170411T025100-01_prepro.fz,Feige34,J0410
j02-20170411T025155-01_prepro.fz,Feige34,rSDSS
j02-20170411T025242-01_prepro.fz,Feige34,J0378
j02-20170411T025348-01_prepro.fz,Feige34,J0660
j02-20170411T025500-01_prepro.fz,Feige34,gSDSS
j02-20170411T025544-01_prepro.fz,Feige34,J0395
j02-20170411T025653-01_prepro.fz,Feige34,zSDSS
j02-20170411T031807-01_prepro.fz,G180-24,iSDSS
j02-20170411T031854-01_prepro.fz,G180-24,uJAVA
j02-20170411T032003-01_prepro.fz,G180-24,J0430
j02-20170411T032059-01_prepro.fz,G180-24,J0861
j02-20170411T032142-01_prepro.fz,G180-24,J0515
j02-20170411T032223-01_prepro.fz,G180-24,J0410
j02-20170411T032320-01_prepro.fz,G180-24,rSDSS
j02-20170411T032406-01_prepro.fz,G180-24,J0378
j02-20170411T032543-01_prepro.fz,G180-24,J0660
j02-20170411T032631-01_prepro.fz,G180-24,gSDSS
j02-20170411T032716-01_prepro.fz,G180-24,J0395
j02-20170411T032835-01_prepro.fz,G180-24,zSDSS
